"eval_seed","method","path_record_csv"
"43109","SAC","eval43109_SAC_path_record.csv"
"43109","HW_GA_SAC","eval43109_HW_GA_SAC_path_record.csv"
"43112","SAC","eval43112_SAC_path_record.csv"
"43112","HW_GA_SAC","eval43112_HW_GA_SAC_path_record.csv"
"43114","SAC","eval43114_SAC_path_record.csv"
"43114","HW_GA_SAC","eval43114_HW_GA_SAC_path_record.csv"
"43115","SAC","eval43115_SAC_path_record.csv"
"43115","HW_GA_SAC","eval43115_HW_GA_SAC_path_record.csv"
"43118","SAC","eval43118_SAC_path_record.csv"
"43118","HW_GA_SAC","eval43118_HW_GA_SAC_path_record.csv"
